Voornaam;Achternaam;Bedrag
Scot;Osterhage;61
Chris;Frankman;29
Buddy;Simancas;43
Porfirio;Ruckert;81
Delmer;Stotz;21
Whitney;Beguin;92
Long;Simion;56
Johnnie;Zwaan;32
Dick;Brisbin;85
Steven;Merit;22
Dale;Tomori;29
Adan;Darey;38
Sterling;Conell;65
Marty;Bergt;27
Lindsey;Gasparini;73
Carrol;Gonzelez;46
Alex;Koempel;24
Gayle;Almont;70
Harold;Plendl;69
Roland;Sobral;97
Irvin;Vogelaar;90
Clement;Meres;24
Courtney;Denhoff;39
Terrence;Chicca;94
Lon;Wilke;59
Young;Soliven;51
Casey;Barabasz;26
Prince;Devey;77
Enoch;Podobnik;80
Ariel;Alesia;40
Silas;Filiault;22
Bradford;Circo;91
Matthew;Furnell;46
Luis;Semeniuk;46
Danilo;Fillo;63
Steve;Balles;39
Young;Marvich;40
Leonel;Schiachter;74
Sol;Ashwood;79
Donnie;Dineen;37
Jayson;Hoylman;43
Eugene;Maksin;96
Cole;Kfoury;90
Lindsay;Settlemires;87
Miquel;Bloise;34
Marcos;Gukasyan;58
Preston;Marceau;29
Columbus;Feighner;84
Clyde;Devine;73
Erwin;Pietrantonio;39
Joseph;Risdal;48
Reynaldo;Milder;94
Ward;Rehagen;40
Leopoldo;Belrose;42
Mervin;Cafasso;23
Otha;Stires;76
Damion;Haessler;27
Herbert;Coombs;54
Otha;Waver;71
Sung;Godaire;91
Bert;Brambrink;68
Lon;Lamarra;73
Max;Piechocinski;76
Warner;Siefers;25
Cornelius;Malandrino;100
Xavier;Goven;30
Armando;Deatherage;37
Vern;Halaska;30
Hal;Loke;44
Graig;Baumstein;86
Levi;Gloekler;98
Rich;Etta;44
Elisha;Sahay;62
Renato;Fogelsonger;92
Genaro;Gloekler;41
Isidro;Mccommons;28
Octavio;Weavers;83
Carmine;Fordyce;42
Kristopher;Vincelli;43
Melvin;Borgman;23
Blair;Goodermote;59
Kenton;Cummiskey;57
Mauro;Mcdearman;60
Rory;Ormond;91
Wilton;Soder;29
Gary;Madrano;38
Kerry;Shasha;71
Bradly;Woolrich;91
Ward;Bile;28
Andre;Puranik;43
Robin;Minamyer;27
Porter;Goodling;26
Andres;Galloso;24
Deandre;Werries;63
Darnell;Kimani;26
Elijah;Abelino;95
Arnold;Shoots;75
Gavin;Zywiec;37
Francesco;Sittinger;43
Erik;Dienhart;68
Reginald;Lentini;31
Andre;Mcgrorty;78
Anthony;Silber;90
Lou;Banzet;92
Damien;Maaske;20
Tom;Mcnealey;30
Nestor;Tuman;48
Lowell;Debone;100
Arnoldo;Connally;53
Jayson;Whisler;32
Cristopher;Rohus;35
Marcelo;Grosche;60
Erasmo;Bellan;36
Alton;Ruotolo;52
Carey;Escarra;50
Claude;Skogstad;27
Randolph;Zettel;94
Gino;Mahoy;53
Jeromy;Stribling;65
Grady;Kresser;60
Jeffery;Corrillo;72
Garland;Demetriou;44
Calvin;Stanzel;30
Stanford;Bartelson;73
Giuseppe;Agurs;69
Abram;Barnson;20
Keven;Chittom;86
Spencer;Schler;28
Leo;Hafeez;73
Jaime;Alyea;50
Ramon;Shina;72
Fausto;Pfister;85
Kenneth;Schnieder;26
Tad;Checchi;23
Amado;Geiss;71
Keven;Serlin;63
Dwayne;Buttorff;31
Arron;Gonzalezdiaz;30
Hipolito;Mercil;28
Trevor;Ableman;91
Roscoe;Vanderleest;46
Harley;Kuh;47
Harland;Prenevost;64
Kendrick;Reyell;99
Reyes;Infanger;53
Allen;Trippiedi;60
Clarence;Bruland;33
Roland;Essick;86
Rashad;Stradtman;75
Earl;Johle;66
Morris;Spielberger;25
Mel;Kluge;85
Lawerence;Pasa;50
Stacey;Ghali;48
Andrew;Rosselle;49
Clement;Hibert;55
Odell;Zygadlo;84
Cornelius;Garcea;23
Ellsworth;Kopplin;83
Boyd;Cayabyab;48
Jarod;Beachum;45
Dave;Rudolph;83
Clark;Fagel;30
Leonard;Woodroffe;31
Warren;Cochrun;37
Bertram;Vandell;88
Danilo;Giaquinto;81
Maria;Finnel;61
Sidney;Buchar;25
Jackson;Grisso;90
Willie;Milden;70
Alphonse;Elbert;48
Kirk;Dinitto;56
Deandre;Belot;29
Jan;Gutierre;87
Nigel;Nhean;87
Rocco;Beauzile;99
Mary;Estby;87
Noel;Swennes;97
Bo;Ciceron;93
Hershel;Sterwerf;97
Nicholas;Sadsad;79
Mohamed;Bandini;63
Charlie;Quilter;61
Moshe;Norelli;71
Sonny;Weisend;47
Horace;Turetzky;94
Tracey;Pszenny;37
Harold;Hebrank;99
Von;Grumman;75
Norris;Demchak;93
Issac;Yambor;82
Denver;Brasted;77
Duncan;Eum;93
Kraig;Schoening;99
Issac;Shulick;69
Eliseo;Cadreau;31
Rolf;Dukowitz;32
Guillermo;Beagles;43
Ted;Bobal;32
